id;nome;localidade;uf;responsavel_id
1;invoice Gloves;software payment;robust Croatian Kuna;1
2;Freeway Industrial web-enabled;Awesome Concrete Towels Assistant;Integration Hat copying;2
3;Computers deposit customized;Movies Rhode Island;generate Shoes JBOD;3
4;Fresh Synchronised web-enabled;Chicken mint green discrete;matrix Industrial;4
5;Persistent;optical;holistic content-based;5
6;bypassing;synthesize auxiliary Directives;cross-platform Savings Account e-business;6
7;hack TCP Netherlands Antilles;Dominica;next-generation deposit 3rd generation;7
8;Shirt extensible Streamlined;capacitor utilize microchip;Specialist Generic;8
9;Investment Account Washington;Cambridgeshire;Accountability Phased Passage;9
10;Adaptive disintermediate ability;HTTP Cotton overriding;Refined XML Auto Loan Account;10
